{"cameraMode":{"drawMode":0,"name":"Shaded","section":"Shading Mode"},"sceneLighting":false,"audioPlay":false,"sceneViewState":{"m_AlwaysRefresh":false,"showFog":true,"showSkybox":false,"showFlares":true,"showImageEffects":true,"showParticleSystems":true,"showVisualEffectGraphs":true,"m_FxEnabled":true},"in2DMode":false,"pivot":{"x":15.932157516479493,"y":-11.411872863769532,"z":1.4765548706054688},"rotation":{"x":-0.011806211434304715,"y":0.02409295365214348,"z":-0.0002839725057128817,"w":-0.9996497631072998},"size":61.4924430847168,"orthographic":false}