{"cameraMode":{"drawMode":0,"name":"Shaded","section":"Shading Mode"},"sceneLighting":false,"audioPlay":false,"sceneViewState":{"m_AlwaysRefresh":false,"showFog":true,"showSkybox":false,"showFlares":true,"showImageEffects":true,"showParticleSystems":true,"showVisualEffectGraphs":true,"m_FxEnabled":true},"in2DMode":false,"pivot":{"x":15.840755462646485,"y":-23.86370277404785,"z":-0.4712677001953125},"rotation":{"x":-0.14227771759033204,"y":0.025828350335359575,"z":-0.0037135127931833269,"w":-0.9894921779632568},"size":24.11842155456543,"orthographic":false}