{"cameraMode":{"drawMode":0,"name":"Shaded","section":"Shading Mode"},"sceneLighting":true,"audioPlay":false,"sceneViewState":{"m_AlwaysRefresh":false,"showFog":true,"showSkybox":true,"showFlares":true,"showImageEffects":true,"showParticleSystems":true,"showVisualEffectGraphs":true,"m_FxEnabled":true},"in2DMode":false,"pivot":{"x":521.5585327148438,"y":312.14263916015627,"z":-48.82867431640625},"rotation":{"x":0.011178236454725266,"y":0.046077661216259,"z":0.0005156875704415143,"w":-0.9988846182823181},"size":341.802001953125,"orthographic":false}