{"cameraMode":{"drawMode":0,"name":"Shaded","section":"Shading Mode"},"sceneLighting":true,"audioPlay":false,"sceneViewState":{"m_AlwaysRefresh":false,"showFog":true,"showSkybox":true,"showFlares":true,"showImageEffects":true,"showParticleSystems":true,"showVisualEffectGraphs":true,"m_FxEnabled":true},"in2DMode":false,"pivot":{"x":153.3553466796875,"y":406.9189147949219,"z":7.378757476806641},"rotation":{"x":-0.025806687772274019,"y":-0.005901544354856014,"z":0.0001523822284070775,"w":-0.999657392501831},"size":291.45648193359377,"orthographic":false}