{"cameraMode":{"drawMode":0,"name":"Shaded","section":"Shading Mode"},"sceneLighting":true,"audioPlay":false,"sceneViewState":{"m_AlwaysRefresh":false,"showFog":true,"showSkybox":true,"showFlares":true,"showImageEffects":true,"showParticleSystems":true,"showVisualEffectGraphs":true,"m_FxEnabled":true},"in2DMode":false,"pivot":{"x":76.24195098876953,"y":392.3239440917969,"z":13.512569427490235},"rotation":{"x":0.013189912773668766,"y":0.0020963000133633615,"z":0.000027705344109563157,"w":-0.999920666217804},"size":293.400390625,"orthographic":false}